factor,level,point_estimate,pooled_run_mean,median_stratum,sign_consistency,n_strata,n_seed_effects,seeds,hier_ci_low,hier_ci_high,seed_ci_low,seed_ci_high,ci_low,ci_high,target_verdict
topic,ai-decisions,-0.05859375,-0.05859375,-0.05859375,0.0,1,5,4001;4002;4003;4004;4005,-0.08828125,-0.0296875,-0.08671875,-0.0296875,-0.08828125,-0.0296875,contradicted
topic,euthanasia,-0.0260009765625,-0.026842948717948716,-0.024609375,0.25,8,39,4001;4002;4003;4004;4005,-0.05283447265625,-0.004345703125,-0.031417410714285714,-0.02265625,-0.05283447265625,-0.004345703125,contradicted
topic,lifespan,-0.04921875,-0.04921875,-0.04921875,0.0,1,5,4001;4002;4003;4004;4005,-0.075,-0.02421875,-0.075,-0.02421875,-0.075,-0.02421875,contradicted
